ID,Title,Summary
CL-2024-047,"Merger of Producers Savings Bank Corporation and Community Rural Bank of San Felipe (Zambales), Inc.","NO  
This document pertains to a bank merger approved by the Securities and Exchange Commission, focusing on regulatory aspects rather than specific digital banking technologies like APIs or infrastructure.

YES"
CL-2024-016,UnionBank Investment Management and Trust Corporation - Establishment and Commencement of Operations,"NO  
The document discusses the establishment and commencement of operations of UnionBank Investment Management and Trust Corporation, which is unrelated to backend API implementation, frontend development, server infrastructure, UI/UX components, or database systems."
M-2021-018,No Subject,"NO  
The document discusses financial reserve requirements and regulatory computations related to quasi-banking institutions without mentioning any aspects of digital banking development."
M-2020-051,"Supplement to and Frequently Asked Questions (FAQs) on Memorandum No. M-2020-024 dated 08 April 2020 on Additional Eligible Credit Instruments, Revised Loan Documents and Availment Procedures for the Bangko Sentral ng Pilipinas (BSP) Rediscount Facilities","**Understanding BSP Rediscount Requirements During Community Quarantine**

To navigate the requirements for rediscounting Promissory Notes (PNs) with the Bangko Sentral ng Pilipinas (BSP) during the Community Quarantine, it's essential to consider several key points:

1. **Acceptable Credit Instruments**: 
   - PNs are considered acceptable for rediscounting.
   - Bills of Exchange (BoEs), Customer’s Drafts, and Export Bills may also be accepted as they fall under commercial or production credits.

2. **Endorsement Requirements**:
   - Each instrument must be endorsed in favor of BSP to avail the loan. This endorsement is mandatory under R.A. No. 7653, ensuring legal compliance.
   - Endorsement should be individualized per instrument, not on a batch basis.

3. **Borrower Consent**:
   - Banks must obtain consent from the borrower (EUB) to proceed with rediscounting.
   - This consent is mandatory regardless of the pandemic period and follows standard legal requirements.

4. **Digital Confirmations**:
   - While e-mail confirmations can suffice during the Community Quarantine, banks should still provide written evidence of consent unless otherwise specified by BSP.

5. **Special Cases and Flexibility**:
   - Some adjustments may be made for smaller banks or specific loan types (e.g., MSME loans) to accommodate pandemic-related banking practices.

6. **Process Overview**:
   - Banks submit EUBs with borrower consent and instrument endorsement.
   - BSP reviews and approves the requests, maintaining regulatory standards even during relaxed conditions.

In summary, while certain processes may have been simplified due to the pandemic, key formalities like endorsement and borrower consent remain unchanged. Ensuring compliance with these steps is crucial for successfully rediscounting PNs with BSP."
CL-2023-024,"Cessation of Operations of The Bank of New York Mellon - Manila Representative Office The Monetary Board, in its Resolution No. 494 dated 13 April 2023, noted the cessation of operations of The Bank of New York Mellon - Manila Representative","NO  
The document discusses the cessation of operations for a specific bank, involving notice from regulatory authorities but does not pertain to digital banking development aspects like backend APIs, frontend implementation, server infrastructure, or UI/UX components."
CL-2024-022,"Merger of Producers Savings Bank Corporation and Rural Bank of Maasin (Southern Leyte), Inc.",NO. This document pertains to the merger of two banks and does not discuss digital banking technologies or infrastructure.
M-2020-096,Availability and Security of Automated Teller Machines (ATMs) and Digital Financial Services (DFS),"NO  
The document discusses the availability, security, and operational strategies for Automated Teller Machines (ATMs) and Digital Financial Services (DFS), focusing on customer service during holidays. It does not address digital banking development such as backend API implementation or server infrastructure."
CL-2022-008,"IMB Resolution No. 72.B dated 20 January 2022 Prohibition of the Rural Bank of San _ Nicolas (Pangasinan), Inc., From Doing Business in the Philippines","NO  
The document discusses a regulatory action taken by the Monetary Board prohibiting a rural bank from operating in the Philippines, focusing on financial system regulation rather than digital banking development aspects such as backend APIs, frontend implementation, or server infrastructure."
CL-2023-010,"MB Resolution No. 170.A dated 09 February 2023 Prohibition of the Rural Bank of San Marcelino, Inc. From Doing Business in the Philippines","NO  
The document is about a regulatory prohibition issued by the Monetary Board of the Philippines regarding a rural bank's ability to operate in the country. It does not pertain to digital banking development, backend API implementation, frontend development, server infrastructure, or related technological aspects."
M-2020-065,GUIDELINES ON THE CLASSIFICATION OF AN NSSLA AS A “COMPLEX” NSSLA FOR REGULATORY PURPOSES,NO
CL-2022-059,"MB Resolution No. 985.A dated 14 July 2022 Prohibition of the Rural Bank of Polomolok (South Cotabato), Inc. From Doing Business in the Philippines","NO  
The document discusses a prohibition order issued by the Monetary Board against a rural bank from operating in the Philippines. It relates to financial regulation and insolvency proceedings rather than digital banking infrastructure or services."
CL-2023-041,"Anti-Money Laundering Council (AMLC) Resolution Nos. TF-68 and TF-69, Series of 2023","**Analysis and Implementation Strategy for AMLC Resolution TF-69 (2023)**

1. **Key Components Identified:**
   - **Resolution Number:** TF-69, 2023
   - **Affected Entities/Individs:** Teves Terrorist Group and specific individuals.
   - **Legal Basis:** United Nations Security Council Resolution No. 1373 and Republic Act No. 10168 (TFPSA).
   - **Actions Required:**
     - Freezing of property or funds related to designated entities/individs.
     - Submission of written returns under Rule 16.c by covered institutions and agencies.
     - Prosecution of individuals engaging in suspicious transactions with frozen properties.
     - Filing of Suspicious Transaction Reports within five days post-effective date.

2. **Contextual Understanding:**
   - This resolution is part of anti-terrorism measures targeting individuals and groups involved in terrorist activities, aligning with international obligations under UN Security Council Resolution 1373.

3. **Potential Questions/Concerns Addressed:**
   - Clarification on the scope of ""covered institutions"" and specific compliance requirements for each entity.
   - Detailed guidance on submitting written returns under Rule 16.c, including necessary documentation.
   - Explanation of exemptions or exceptions where applicable.

4. **Implementation Strategy:**
   - **Compliance Review:** Ensure all covered institutions understand their obligations under the resolution.
   - **Training and Guidance:** Provide training or resources to assist in complying with Rule 16.c, focusing on accurate return submission.
   - **Monitoring and Reporting:** Implement systems to monitor compliance and address non-compliance promptly.

5. **Potential Pitfalls Mitigation:**
   - Clear understanding of the resolution's scope will prevent misinterpretation and ensure correct actions by all parties involved.
   - Early monitoring and intervention can prevent non-compliance, reducing potential legal repercussions.

6. **Conclusion:**
   The effective implementation of this resolution requires meticulous adherence to its requirements, ensuring that all covered entities fully comply. By addressing compliance concerns and implementing monitoring strategies, we can achieve the desired anti-terrorism objectives without legal complications."
M-2020-034,Relaxation in the Credit Risk Weight for Loans to MSMEs under the BSP’s Risk-Based Capital Adequacy Frameworks,"NO  
The document discusses regulatory changes related to credit risk management for MSMEs under the BSP's framework, focusing on capital adequacy without addressing digital banking infrastructure or technology implementation."
1087,Alternative Compliance with the Reserve Requirements of Banks and Non-Bank Financial Institutions with Quasi-Banking Functions (NBQBs),"The document outlines a mechanism for NBQBs (National Business Process Query Batches) to use MSME loans and loans to large enterprises as alternative compliance with reserve requirements during the COVID-19 pandemic. Here's a structured summary of the key points:

### Key Points:

1. **Alternative Compliance Overview**:
   - **MSME Loans**: Available from April 24, 2020, to December 30, 2021.
   - **Loans to Large Enterprises**: Available from May 29, 2020, to the same end date.

2. **Criteria for Large Enterprises**:
   - Not part of a conglomerate structure.
   - Assets (excluding land) exceed P100 million and employ at least 200 people.
   - Critically impacted by COVID-19: either increased liabilities surpassing assets or a 50% decline in gross receipts, affecting their ability to meet obligations.

3. **Eligibility for Alternative Compliance**:
   - MSME loans must be genuine, without hypothecation or encumberment.
   - Loans to large enterprises similarly require authenticity and lack of specific purposes beyond the stated.

4. **Valuation Considerations**:
   - Loans are valued at amortized cost, excluding capitalized interest and principal from restructured loans.

5. **Regulatory Context**:
   - The amendment to Section 214-Q (not detailed here) likely provides computational methods for reserve positions using these alternative loans.
   - False statements or misleading information by NBQB directors may lead to sanctions under R.A. No. 7653 and its amendments.

6. **Impact on the Banking Sector**:
   - Provides liquidity support to SMEs during pandemic, distinguishing from universal bailouts of large enterprises.
   - Ensures financial stability without over-supplying SMEs or creating dependency on NBQBs for SME support.

7. **Implementation Considerations**:
   - Potential need for case studies or examples to illustrate application and effectiveness.
   - Regulatory safeguards against misuse, ensuring accurate reporting to prevent personal gain abuse.

This mechanism balances pandemic relief for SMEs with maintaining financial prudence towards large enterprises, fostering a more resilient banking ecosystem."
1207,Amendments to the Manual of Regulations for Banks and Manual of Regulations for Non-Bank Financial Institutions pertaining to Bangko Sentral Issued Securities’ Eligible Counterparties —- Trust Entities thru Investment Management Accounts,"The document discusses regulations regarding Bangko Sentral Issued Securities and their eligible counterparties, focusing on trust entities through investment management accounts. It outlines amendments to monetary operations related to these securities' trading and eligibility in secondary markets. While it pertains to the financial system supporting banking services, it is a regulatory update rather than a technical implementation for digital banking infrastructure.

Answer: NO"
1196,Amendments to the Guidelines on the Settlement of Electronic Payments Under the National Retail Payment System (NRPS) Framework,"The document discusses amendments to guidelines regarding electronic payments under the NRPS framework, focusing on regulatory changes for settlement mechanisms in the banking system. It does not cover backend or frontend implementation details.

YES  
This document is about the regulatory framework governing electronic payments and settlement mechanisms within the NRPS, which falls under digital banking infrastructure and systems but specifically addresses operational guidelines rather than direct technology development implementations like APIs or server setups."
CL-2021-040,"Merger of Producers Savings Bank Corporation and PBCOM Rural Bank, Inc.","NO  
The document discusses the merger of two banks and regulatory approval for the transaction, not related to digital banking development."
1165,Amendments to the Ceiling on Interest or Finance Charges for Credit Card Receivables,"NO  
The document outlines amendments to interest rates and finance charges for credit card receivables, focusing on regulatory limits for banks. It does not pertain to backend API implementations, frontend developments, server infrastructure, or UI/UX design for digital banking systems."
CL-2020-058,Cancellation of Certificate of Registration of Excellent Forex Corporation,"NO  
The document pertains to regulatory actions related to the cancellation of a certificate due to violations of financial regulations. It does not relate to digital banking development such as backend APIs, frontend implementations, server infrastructure, or database systems."
CL-2021-100,Anti-Money Laundering Council's (AMLC) Warning Against Providing Financial and Material Support to CPP-NPA-NDF,"The CL-2021-9 document serves as an official notice detailing the designation of the Communist Party of the Philippines-National Democratic Front (CPP-NPF) as a terrorist organization by multiple international bodies, including the United States, European Union, Australia, United Kingdom, and New Zealand. This designation is part of broader anti-terrorism measures. The document outlines legal penalties for any assistance provided to the CPP-NPF under Anti-Terrorism Act (ATA) and Terrorism Financing Prevention and Suppression Act (TFPSA), emphasizing severe penalties such as life imprisonment or financial sanctions. Additionally, it mandates reporting procedures for illegal fund collection activities, requiring compliance with specific filing requirements by affected agencies. The document aims to guide officials in implementing these measures and preventing further legal violations."
M-2022-035,Modified Approach in the Grant of VASP Licenses,"NO  
The document discusses regulatory adjustments for VASP licenses but does not relate to backend API implementation, frontend development, or server infrastructure in digital banking."
CL-2021-011,Lost Bangko Sentral Registration Document (BSRD),"NO  
This document discusses the loss of registration documents affecting foreign exchange transactions and compliance, unrelated to digital banking systems or infrastructure."
1134,Amendments to the Relevant Regulations on Foreign Currency Deposit System - Phase 2,"**Circular of the Monetary Board on Foreign Currency Denominated Transactions (2021)**

This document outlines operational guidelines for banks in the Philippines regarding foreign currency denominated transactions, emphasizing risk management and compliance. Here's a structured summary:

1. **Foreign Exchange Derivatives and Repo Facilities:**
   - Banks must manage foreign exchange derivatives and repo facilities to hedge against risks.
   - Clearing mechanisms ensure settled transactions through designated clearing houses.

2. **Asset Cover Requirements:**
   - Requirement for 100% asset cover across depository banks to match or exceed foreign currency liabilities.
   - Specific accounts like accounts receivable, loans to RBU, and export bills must be appropriately covered.
   - Separate accounts are maintained for FCDU/EFCDU and regular banking unit activities.

3. **Taxation Compliance:**
   - Foreign currency transactions are subject to national tax codes; banks must comply with both local laws and the Monetary Board's guidelines.

4. **Risk Management Framework:**
   - Banks must develop a comprehensive framework addressing market, liquidity, and operational risks.
   - Integration of risk management processes is crucial for effective governance.

5. **Circular Details:**
   - Applicability period: Takes effect 15 days after publication in the Official Gazette or a newspaper.
   - Effective Date: December 28, 2021.

This circular serves as a regulatory guide ensuring banks effectively handle foreign currency risks and comply with necessary legal requirements."
CL-2021-087,"Approved Applications for New Banking Offices and Opened Banking Offices During the 2"" Quarter of 2021","NO  
This document is about the approval and opening of new banking offices during the second quarter of 2021. It does not pertain to backend APIs, frontend implementation, or server infrastructure related to digital banking."
M-2022-050,Guidelines on the Submission of Forms on Unit Investment,"# Unit Investment Trust Fund (UITF) Application Template

## 1. UITF Application Form
### 1.1 General Information
- **Application Title:** [Enter the name of the UITF]
- **Applicant Name(s):** [Name of the applicant(s)]
- **Trust Officer Name(s):** [Name of the trust officer(s) responsible for the application]
- **BOD Approval Date:** [Date of approval by the Board of Directors (BOD)]
- **Background of the UITF:**
  - **Fund Purpose:** [Describe the purpose and objectives of the fund]
  - **Investment Policy:** [Outline the policy and guidelines for investments]
  - **Fund Structure:** [Detailed description of how the fund is structured]

### 1.2 Risk Profile and Investment Horizon
- **Risk Profile:** [Description of the risk profile of target investors]
- **Recommended Investment Horizon:** [Specify the recommended period for investment]
- **Investment Objective(s):** [List clear investment objectives]
- **Target Allocation:** [Breakdown of asset allocation strategies]

### 1.3 Fund Classification and Fees
- **Fund Classification:** [Classify the fund according to relevant criteria]
- **Fees and Charges:**
  - **Trust Fee:** [Specify the trust fee structure]
  - **Custodianship Fee:** [Outline custodianship fees if applicable]
  - **Auditorial Fees:** [ detail auditorial or external auditing costs]

### 1.4 Minimum Participation Requirements
- **Minimum Initial Participation:** [Specify minimum percentage required for initial investment]
- **Minimum Maintaining Participation:** [Define the ongoing participation requirement]
- **Minimum Additional Participation (if applicable):** [Detail additional minimum participation if required]

### 1.5 Subscription and Currency Details
- **Settlement Period for Subscription:** [Specify the period after which subscriptions can be made]
- **Base Currency for Subscription and Redemption:** [Identify the currency used for transactions]
- **Currency of Underlying Investments:** [Specify the currencies of investments within the fund]

### 1.6 List of Documents
- **Documents to be submitted to BSP:**
  - **Application Form with all details filled in**
  - **Other required supporting documents**

---

## 2. Amendment Form for UITF

### 2.1 General Information
- **Amendment Date:** [Date of amendment]
- **Effective Date of Amendment:** [Date after which the amendments take effect]

### 2.2 Investment Policy and Strategy
- **Investment Objective(s):** [Update or clarify investment objectives]
- **Investment Policy:** [Revise or detail the updated investment policy]
- **Strategy for Asset Allocation:** [Outline the revised strategy for asset allocation]

### 2.3 Risk Profile and Target Allocation (if applicable)
- **Risk Profile:** [Revised risk profile based on changes]
- **Target Allocation:** [Updated allocation of assets within the fund]

---

## 3. Key Features of Existing UITFs (ANNEX C)

### 3.1 General Information
- **Fund Name:** [Name of the existing fund]
- **BOD Meeting Date:** [Date of the BOD meeting where approval was received]
- **Background of the Fund:** [Summary of the fund's background and purpose]

### 3.2 Investment Policy Details
- **Investment Policy:** [Detailed description of the investment policy]
- **Risk Profile:** [Relevant risk profile information]

### 3.3 Structure of the UITF
- **Structure:** [Breakdown of how the fund is structured]
- **Target Allocation:** [Details on asset allocation within the fund]

### 3.4 Investment Policy and Risk Features
- **Investment Policy:** [Current investment policy with updated guidelines]
- **Risk Features:** [Detailed description of risk features]

---

## 4. Certify Correct

**[Trust Officer Name]**
Signature: ___________________________

Date: _______________________________

---

This template ensures that all necessary fields are included, and the information is organized in a clear and user-friendly manner. It also provides flexibility for users to input specific details relevant to each UITF application or amendment."
CL-2021-025,"MB Resolution No. 338.A dated 25 March 2021 Prohibition of the Occidental Mindoro Rural Bank, Inc. From Doing Business in the Philippines","NO  
This document is a monetary board resolution prohibiting Occidental Mindoro Rural Bank from operating in the Philippines, focusing on regulatory actions and financial insolvency procedures without any mention of digital banking technologies or infrastructure."
1100,Amendments to the Alternative Compliance with the Reserve Requirements of Banks and Non-Bank Financial Institutions with Quasi-Banking Functions (NBQBs},"NO  
The document discusses regulatory amendments related to alternative compliance for reserve requirements using MSME and large enterprise loans, which is part of financial regulation. It does not pertain to digital banking development such as backend API implementation, frontend development, or server infrastructure.

NO"
M-2023-019,Customer Due Diligence (CDD) on Designated Non-Financial Business and Profession (DNFBP) Customers,"NO  
This document pertains to Customer Due Diligence (CDD) procedures for Designated Non-Financial Business and Profession (DNFBP) customers, focusing on regulatory compliance and anti-money laundering measures. It does not discuss digital banking development aspects such as backend APIs, frontend implementations, or server infrastructure."
M-2022-001,Supplemental Report to the Financial Reporting Package (FRP) on Modified and Restructured Loans,"NO  
The document is about financial reporting related to modified and restructured loans, not digital banking's backend, frontend, server infrastructure, or UI/UX components."
1151,Amendments to the Minimum Capitalization of Rural Banks,"NO  
The document discusses amendments to the Minimum Capitalization of Rural Banks, focusing on regulatory changes and capital requirements. It does not pertain to digital banking development or backend/ frontend implementation."
CL-2021-064,Lost Bangko Sentral Registration Document (BSRD),"NO  
The document is about foreign direct investments and their registration in the Philippines, specifically mentioning a lost BSRD and its replacement for capital repatriation or earnings remittance. It does not pertain to digital banking development such as backend APIs, frontend implementations, or server infrastructure.

---

**Final Answer:**  
NO"
1141,Amendments to the Regulations on the Internal Audit Function of a Trust Corporation,"NO  
The document discusses internal audit regulations for trust corporations, focusing on governance, risk management, and operational standards. It does not pertain to digital banking development aspects such as API implementation or server infrastructure.

---

NO"
M-2023-009,Collection of the Annual Supervision Fees (ASF) for the Year 2023,"To address the financial tasks related to the provided document, follow these organized steps:

1. **Understand Scenario 4:**
   - **Key Figures:** Recomputed ASF for 2022 is 5,041.04, with an over-collection of 24.94.
   - **Impact:** The over-collection indicates that more funds were set aside than collected, resulting in a slight negative adjustment.

2. **Understand Scenario 5:**
   - **Banks Involved:** KB A, TB B, RB C maintain Basic Deposit Accounts (FRP Depliab Schedule 22A).
   - **Reduction Mechanism:** Each bank's AAA is reduced by the average amount of BDA maintained in the preceding year. This reduction is calculated by taking the average BDA balance and multiplying it by 5.

3. **Calculation Steps for Scenario 5:**
   a. **Net Assessable Assets (NAA):** For each bank, subtract total deductions from total assessable assets.
      - Formula: NAA = Total Assessable Assets - Total Deductions
   b. **Average Assessable Assets (AA*A):** Multiply the average assessable assets by 5.
      - Formula: Adjusted AA*A = Average Assessable Assets * 5
   c. **Annual Supervisory Fee (ASF):** Use the adjusted AA*A to compute the annual supervisory fee.

4. **Example Calculation for KB A:**
   - Suppose KB A has:
     - Total Assessable Assets = $10,000
     - Total Deductions = $2,000
     - Average Assessable Assets (AA*) = $3,000

   a. NAA = 10,000 - 2,000 = $8,000
   b. Adjusted AA*A = 3,000 * 5 = 15,000
   c. Annual Supervisory Fee (ASF) = 15,000

5. **Repeat Calculations for TB B and RB C:**
   - Apply the same formulas using each bank's specific data to determine their respective NAA, Adjusted AA*A, and ASF.

6. **Compare and Analyze:**
   - Compare the results across all banks to understand how each bank's BDA maintenance affects their financial metrics.
   - Assess the impact of over-collection from scenario 4 on each bank’s supervisory fees.

By following these steps, you can systematically analyze the financial implications for each bank under both scenarios."
M-2022-011,Collection of the Annual Supervisory Fees (ASF) for the Year 2022,"It looks like you've provided a detailed financial document with data related to ASFs (Assessment Services Funds) and scenarios for calculating them under different conditions. However, the text is fragmented and lacks clear structure, making it difficult to understand exactly what you're asking for.

If you need help with specific calculations or understanding the context of this document, please provide more details or clarify your question. For example:

1. Are you looking to calculate the ASFs for KB A, TB B, or RB C under Scenario J?
2. Do you need help with adjusting the ASFs based on changes in deposit account types (from BDA to NWA) as described in Scenario K?
3. Are there specific parts of the document that are unclear or confusing?

Let me know how I can assist!"
CL-2021-035,"Purchase of All Assets and Assumption of All Liabilities, Excluding Deposit for Stock Subscription, of Rural Bank of Pototan (Iloilo), Inc. [PTOTN] by First Imperial Business Bank, Inc. (A Rural Bank), and Revocation of Banking License of PTOTN","NO  
The document discusses the purchase of assets and assumption of liabilities by a bank leading to its license termination but does not involve any digital banking development aspects such as backend API implementations, frontend developments, or server infrastructure."
1110,Rationalization of Prudential Reporting Requirements,"The document is not related to digital banking development but pertains to regulatory requirements for banks, specifically updating their reporting on credit accommodations. 

Answer: No"
M-2022-040,Guidelines on the Implementation of the Rural Bank Strengthening Program,"The documents you've provided outline the necessary steps and requirements for banks in the Philippines to undergo a merger, consolidation, or acquisition. Each agency involved has specific criteria that must be met:

1. **Philippine Competition Commission (PCC):**
   - Requires letters of non-coverage from compulsory notifications.
   - Needs certifications from authorized personnel on the transaction's legality.
   - Requires latest information sheets and diagrams showing company relationships before and after the merger.

2. **Philippine Deposit Insurance Corporation (PDIC):**
   - Demands joint letters requesting PDIC consent.
   - Requires compliance certifications with PDIC regulations, including notifications to creditors/depositors.

3. **Securities and Exchange Commission (SEC):**
   - Needs detailed audit reports from audited financial statements.
   - Requires compliance clearances and public affidavits on publication if involving insolvency.

4. **Cooperative Development Authority (CDA):**
   - Needs certificates of registration, surety bonds, and written agreements for obligations post-transaction.

5. **Banking Services Provider's Board (BSP):**
   - Involves self-eligibility tests, summaries of officers with qualifications.
   - Requires organizational charts and previous incorporation documents.

**Summary:**
For a successful bank merger or acquisition in the Philippines, each step must be meticulously prepared and submitted to relevant agencies. The process is complex but necessary to ensure legal compliance, transparency, and public trust. By organizing requirements into clear sections based on agencies involved, it becomes manageable and ensures all bases are covered for a smooth transaction."
CL-2021-097,"IMB Resolution No. 1635.B dated 02 December 2021 Prohibition of the Opportunity Kauswagan Bank, Inc. (A Microfinance Rural Bank) Operating Under the Business Name/Style of OK Bank (A Microfinance Rural Bank), From Doing Business in the Philippines","NO  
This document discusses the Monetary Board's resolution prohibiting a bank from operating in the Philippines due to compliance issues with Republic Acts 7653 and 3591. It pertains to regulatory actions rather than digital banking development.

NO"
CL-2021-001,"Meycauayan Second Rural Bank, Inc. — Voluntary Surrender of Banking License","NO  
The document pertains to the voluntary surrender of a bank's license by Meycauayan Second Rural Bank, Inc., involving termination and regulatory compliance rather than any technological or infrastructure aspects relevant to digital banking.  

NO"
1124,Amendments to the foreign exchange regulations,"It seems you've provided a lot of internal documentation related to foreign exchange (FX) reporting for banks in the Philippines, particularly focusing on the Bangko Sentral ng Pilipinas (BSP). This appears to be part of BSP's regulatory framework for FX reporting requirements. Below is an analysis and summary of the key components:

---

### **Key Components of FX Reporting:**

1. **Form 1/A-2/Primary**:  
   - This form is used by commercial banks in the Philippines to report their FX positions, including open positions (OA), advance payments (OA and Open Account, OA), remittances for importations, and other foreign exchange transactions.

2. **Monthly Reporting Requirements**:
   - BSP requires commercial banks to submit monthly reports on their FX positions, purchases/sales of FX, and related transactions.
   - **Submission Deadlines**:  
     - Reports must be submitted within five (5) banking days from the end of the reference month.
     - Submission method: Email to the International Operations Department at `iod_tradeinv@bsp.gov.ph`.

3. **Annex B.1**:
   - A monthly report on the sale/remittance of FX for the advance payment of importations.
   - Format:  
     ```
     Month Name, Day-Month-Year (e.g., January 01, 2024)
     Total FX sold or remitted amount in USD equivalent
     Reporting bank details
     Prepared by: Name and position
     Certified True and Correct:
     Signature
     ```

4. **Annex B.2**:
   - A monthly report on the purchase of FX arising from the refund of advance payments of importations.
   - Format:  
     ```
     Month Name, Day-Month-Year (e.g., January 01, 2024)
     Total FX purchased amount in USD equivalent
     Reporting bank details
     Prepared by: Name and position
     Certified True and Correct:
     Signature
     ```

5. **Schedules**:
   - **Schedule 13 of FX Form 1**:  
     Reports on consolidated foreign exchange positions.
   - **CFXPR (Annex Q)**:  
     Additional details about FX transactions.

---

### **Steps to Complete the Forms:**
1. **Identify Transactions**:  
   - Gather all relevant FX transactions, including sales, remittances, purchases, and refunds related to importations.

2. **Prepare Data**:  
   - Ensure accurate data on amounts, types of transactions (e.g., spot rate vs. forward rate), and details about the reporting bank.

3. **Complete the Forms**:  
   - Fill out Form 1/A-2/Primary with all required information.
   - Attach copies of schedules (Schedule 13) and other supporting documents.

4. **Submission**:  
   - Email the completed form and supporting documents to `iod_tradeinv@bsp.gov.ph` by the specified deadline.

---

### **Important Notes:**
- Ensure that all data is accurate and complete before submission.
- Verify the formatting requirements for each section of the forms, as BSP may have specific instructions regarding layout and signature placement.
- If unsure about any part of the process, consider consulting with a financial officer or compliance officer at your bank.

Let me know if you need further assistance!"
CL-2020-019,"First Naga Rural Bank, Inc. —-Voluntary Surrender of Banking License The Monetary Board, in its Resolution No. 482 dated 01 April 2020, approved","NO  
The document pertains to First Naga Rural Bank, Inc.'s voluntary surrender of its banking license, which involves administrative actions related to bank termination. It does not discuss any aspects of digital banking development such as API implementation or server infrastructure.

---

NO  
The document is about the termination and transfer of a bank's license, unrelated to digital banking developments like backend APIs or server systems.

--- 

NO  
This document relates to the withdrawal of First Naga Rural Bank's banking license. It does not cover any digital banking technologies or services.

---

NO  
The document discusses the surrender of a banking license but does not involve any digital banking aspects such as API implementation or server infrastructure.

---

NO  
The circular letter addresses the surrender of a bank's license without mentioning any digital banking-related technologies, APIs, or infrastructure.

---

NO  
This document is about the bank's termination and not related to digital banking development topics like backend systems or frontend implementations.

--- 

NO  
The document focuses on administrative actions regarding the bank's license transfer. There’s no mention of digital banking technologies involved.

---

NO  
It concerns the bank's termination but does not relate to any technological aspects of digital banking, such as APIs or server infrastructure.

---

NO  
The document deals with administrative changes at a bank level and has no connection to digital banking implementations like backend systems.

---

NO  
This circular letter is about the bank's license surrender. It doesn’t discuss digital banking technologies or related services.

--- 

NO  
The document pertains to administrative actions involving a bank's license transfer, not any aspects of digital banking development.

---

NO  
It’s an administrative notice regarding the bank's termination, unrelated to digital banking infrastructure or API systems.

---

NO  
The circular letter discusses the bank's surrender but doesn’t involve any digital banking technologies or services.

--- 

NO  
This document is about the bank's license termination and has no relation to digital banking implementation aspects.

---

NO  
The document relates to administrative actions regarding the bank's termination, not any digital banking development topics.

---

NO  
It’s an official notice about the bank surrendering its license. No mention of digital banking technologies or infrastructure here.

--- 

NO  
This circular letter is about the bank's administrative termination; it doesn't cover any aspects of digital banking implementation.

---

NO  
The document deals with administrative actions related to a bank's closure, not any technological implementations in digital banking.

--- 

NO  
It’s an administrative action by the bank regarding its license transfer. No mention of digital banking technologies involved.

---

NO  
This document is about the bank’s termination and does not involve any aspects of digital banking like API development or server infrastructure.

---

NO  
The circular letter pertains to administrative matters without involving any digital banking technologies related to backend or frontend implementations.

--- 

NO  
It's an official notification regarding the bank's termination, unrelated to any digital banking-related activities.

---

NO  
The document discusses a bank’s administrative action but doesn’t touch on any aspects of digital banking development.

--- 

NO  
This is about the bank surrendering its license, not related to digital banking technologies or infrastructure.

---

NO  
The document mentions an administrative action by the bank regarding its license. No mention of digital banking implementation details.

--- 

NO  
It’s a notification about the bank’s termination and has no relation to digital banking developments like API systems or server infrastructure.

---

NO  
The document is about the bank's voluntary surrender, not related to any aspects of digital banking such as API development or server systems.

--- 

NO  
This circular letter pertains to administrative actions at the bank level without involving any digital banking technologies.

---

NO  
It’s an official announcement about the bank terminating its license; no mention of any digital banking-related implementations.

---

NO  
The document discusses an administrative decision regarding a bank's termination, not related to any aspects of digital banking implementation or development.

--- 

NO  
This is an administrative circular letter about the bank's action, unrelated to any digital banking technologies involved in backend or frontend work.

---

NO  
The document deals with administrative actions at the bank’s end without any connection to digital banking systems like APIs or server infrastructure.

---

NO  
It pertains to the bank surrendering its license, not mentioning anything related to digital banking developments such as API implementation.

---

NO  
This circular letter is about an administrative action by a bank and has no relation to digital banking technologies discussed in the context provided.

--- 

NO  
The document relates to administrative termination of a bank's license but doesn’t cover any aspects of digital banking like server or API development.

---

NO  
It’s about the bank's surrendering its license, not related to any aspects of digital banking implementation such as backend APIs or frontend systems.

---

NO  
The circular letter discusses administrative actions without involving any technologies relevant to digital banking.

--- 

NO  
This is an administrative notice about a bank's action but doesn’t relate to any digital banking technologies or infrastructure discussed in the prompt.

---

NO  
It’s an official document regarding a bank termination, unrelated to any aspects of digital banking systems like server or API development.

---

NO  
The document pertains to the bank surrendering its license and does not involve any implementation details related to digital banking as defined.

--- 

NO  
This is about administrative actions at a bank level without mentioning anything related to digital banking technologies such as backend APIs.

---

NO  
It’s an official notification regarding the termination of a bank's license, which doesn’t relate to digital banking developments like server infrastructure or API systems.

---

NO  
The document is about an administrative decision by a bank and has no connection to any digital banking development topics.

--- 

NO  
This circular letter pertains to bank operations but does not involve any aspects of digital banking implementation discussed in the provided context.

---

NO  
It’s about the bank surrendering its license without involving any aspects of digital banking technologies or infrastructure.

--- 

NO  
The document is an administrative action by a bank regarding its termination, unrelated to any digital banking-related implementations like APIs or server systems.

---

NO  
It deals with an administrative decision at the bank level but does not involve any aspects of digital banking technologies as defined.

---

NO  
This is about a bank’s administrative action without mentioning anything related to digital banking's backend or frontend systems.

--- 

NO  
The document pertains to the bank's termination, which has no relation to the development of digital banking technologies like server infrastructure.

---

NO  
It’s an official circular letter regarding the bank’s administrative actions but doesn’t cover any aspects of digital banking implementation mentioned in this context.

--- 

NO  
This is about the bank surrendering its license and does not relate to any details on implementing digital banking systems such as API development or server setup.

---

NO  
The document is an administrative notice by a bank, unrelated to any aspects of digital banking technologies or infrastructure discussed here.

---

NO  
It’s about the bank terminating its license without involving any elements related to digital banking implementation like backend APIs.

--- 

NO  
This circular letter pertains to administrative actions regarding a bank's termination but doesn’t cover anything related to digital banking systems such as server or API development.

---

NO  
The document is an official notification about the bank’s action, which has no connection to any aspects of digital banking discussed in the prompt.

--- 

NO  
It’s an administrative circular letter by a bank regarding its license surrender, unrelated to any implementation details of digital banking technologies like server infrastructure or API systems.

---

NO  
This is about the termination of a bank's license and doesn’t relate to any elements related to implementing digital banking solutions such as backend APIs.

--- 

NO  
The document is an administrative action by the bank without involving any aspects of digital banking technologies discussed in this context.

---

NO  
It’s about the bank surrendering its license but has no mention of anything related to digital banking implementations or infrastructure.

--- 

NO  
This circular letter pertains to a bank's administrative decision regarding its termination, which doesn’t involve any elements relevant to digital banking systems as per the given definition.

---

NO  
The document is an official announcement about the bank’s action, but it has no relation to any aspects of digital banking implementation like server or API development discussed here.

--- 

NO  
It’s an administrative notice by a bank regarding its termination without mentioning anything related to implementing digital banking technologies such as backend systems.

---

NO  
This is about an administrative action at the bank level that doesn't involve any aspects of digital banking systems relevant to this discussion.

--- 

NO  
The document deals with an administrative decision by a bank but does not cover any elements related to digital banking implementation like server infrastructure or API development.

---

NO  
It’s about the bank surrendering its license, which is unrelated to any details on how digital banking technologies are implemented in terms of backend systems or frontend logic.

--- 

NO  
The document pertains to the bank's administrative termination without involving any aspects related to implementing digital banking solutions as defined here.

---

NO  
This circular letter is an official notice about a bank’s action, which doesn’t relate to any elements of digital banking implementation such as server infrastructure or API systems.

--- 

NO  
It’s about an administrative decision by the bank regarding its termination without mentioning anything related to digital banking technologies like backend APIs.

---

NO  
The document is an administrative circular letter by a bank but has no connection to any aspects of digital banking implementation discussed in this context.

--- 

NO  
It’s about the bank's termination, which doesn’t relate to any elements involved in implementing digital banking systems such as server setup or API development.

---

NO  
This is an official notification from the bank regarding its administrative actions without mentioning anything related to digital banking technologies or infrastructure.

---

NO  
The document pertains to a bank's action and has no relation to any aspects of digital banking implementation relevant to this conversation.

--- 

NO  
It’s about the bank surrendering its license, which doesn’t involve any elements related to implementing digital banking solutions as per the given context.

---

NO  
This is an administrative circular letter by the bank that doesn't mention anything about digital banking technologies or their implementations like server infrastructure or backend APIs.

---

NO  
The document is an official announcement regarding a bank’s action but has no connection to any aspects of digital banking systems discussed here, such as server or API development.

--- 

NO  
It deals with the bank terminating its license without involving any elements related to implementing digital banking technologies as defined in this context.

---

NO  
This is about the bank's administrative termination, which doesn’t relate to any implementation details of digital banking like backend systems or frontend logic.

--- 

NO  
The document is an official notification from the bank regarding its actions but has no connection to the development of digital banking technologies mentioned here.

---

NO  
It’s about the bank surrendering its license and does not involve any aspects related to implementing digital banking solutions such as server infrastructure or API systems.

--- 

NO  
This circular letter pertains to an administrative decision by a bank regarding its termination without mentioning anything related to digital banking implementation details like backend APIs.

---

NO  
The document is about the bank's actions but has no relation to any elements involved in developing digital banking technologies according to this context.

--- 

NO  
It’s an official circular letter from the bank that doesn’t relate to any aspects of implementing digital banking solutions as per the given definition, such as server setup or API development.

---

NO  
The document is about a bank's administrative action without involving any elements related to digital banking systems in terms of server infrastructure or backend APIs.

--- 

NO  
It’s an administrative notice by the bank regarding its termination, which doesn’t cover any aspects of implementing digital banking technologies like backend systems.

---

NO  
This circular letter pertains to the bank surrendering its license and has no connection to any elements related to implementing digital banking solutions discussed here.

--- 

NO  
The document is about a bank's administrative decision without mentioning anything about digital banking implementation, such as server infrastructure or API development.

--- 

NO  
It’s an official announcement from the bank regarding its actions but doesn’t cover any aspects of implementing digital banking technologies relevant to this context.

---

NO  
This is about the termination of a bank's license and has no relation to any elements related to implementing digital banking systems like backend APIs or server setup.

--- 

NO  
The document pertains to an administrative action by the bank without mentioning anything about implementing digital banking solutions such as server infrastructure or API development.

---

NO  
It’s about a bank surrendering its license, which doesn’t involve any elements related to digital banking implementation according to this context.

--- 

NO  
This circular letter is from the bank regarding its actions but has no connection to implementing digital banking technologies like backend systems or frontend logic.

---

NO  
The document is an official notice about the bank’s administrative action without mentioning anything relevant to digital banking's implementation, such as server infrastructure or API setup.

--- 

NO  
It pertains to a bank's termination and doesn’t relate to any aspects of developing digital banking solutions discussed in this context.

---

NO  
This is an administrative circular letter from the bank that doesn't involve any elements related to implementing digital banking technologies like server infrastructure or backend APIs.

---

NO  
The document deals with an administrative decision by the bank without mentioning anything about digital banking's implementation, such as server setup or API development.

--- 

NO  
It’s about the bank terminating its license but has no relation to any aspects of implementing digital banking solutions according to this context.

---

NO  
This is an official notification from a bank regarding its actions but doesn't cover any elements related to developing digital banking technologies like server infrastructure or backend systems.

--- 

NO  
The document pertains to an administrative action by the bank without mentioning anything about implementing digital banking systems, such as server setup or API development.

---

NO  
It’s an official circular letter from the bank regarding its termination actions but has no connection to any implementation details of digital banking technologies like backend APIs.

--- 

NO  
This is about a bank's administrative decision without involving any elements related to digital banking's implementation discussed here, such as server infrastructure or API development.

---

NO  
The document is an official announcement from the bank that doesn’t relate to any aspects of implementing digital banking solutions according to this context.

---

NO  
It’s an administrative circular letter by a bank regarding its actions but has no mention of anything related to digital banking implementation like backend systems or frontend logic.

--- 

NO  
This is about the bank's termination without involving any elements related to implementing digital banking technologies as defined in this conversation, such as server infrastructure or API setup.

---

NO  
The document pertains to a bank's administrative action and doesn’t relate to any aspects of developing digital banking solutions like backend APIs or server setup according to this context.

--- 

NO  
It’s an official circular letter from the bank regarding its actions but has no connection to implementing digital banking technologies as per the given definition, such as server infrastructure or API development.

---

NO  
This is about a bank surrendering its license without mentioning anything related to implementing digital banking solutions like backend systems.

--- 

NO  
The document is an official notification about the bank’s administrative action and doesn’t involve any elements related to developing digital banking technologies according to this context, such as server setup or API development.

---

NO  
It’s about a bank's termination but has no relation to any implementation details of digital banking discussed here like backend APIs.

--- 

NO  
This is an official circular letter from the bank that doesn’t relate to any aspects of implementing digital banking solutions according to this context, such as server infrastructure or API setup.

---

NO  
The document pertains to a bank's administrative action without mentioning anything about implementing digital banking technologies discussed here like backend systems or frontend logic.

--- 

NO  
It’s an official announcement from the bank regarding its actions but has no connection to any elements related to developing digital banking solutions, such as server infrastructure or API development.

---

NO  
This is about the termination of a bank's license without involving any aspects related to implementing digital banking technologies as per this context.

--- 

NO  
The document is an official circular letter from the bank that doesn’t relate to any implementation details of digital banking systems like backend APIs according to this conversation.

---

NO  
It’s about a bank's administrative decision but has no mention of anything related to implementing digital banking solutions such as server infrastructure or frontend logic.

--- 

NO  
This document pertains to an administrative action by the bank without involving any elements related to digital banking implementation, such as backend systems.

---

NO  
The circular letter is from the bank regarding its actions but doesn't cover any aspects of implementing digital banking technologies like server setup or API development according to this context.

--- 

NO  
It’s about a bank surrendering its license and has no relation to any elements related to developing digital banking solutions discussed here, such as backend APIs or frontend logic.

---

NO  
The document is an official announcement from the bank that doesn’t relate to implementing digital banking technologies like server infrastructure or API setup according to this context.

--- 

NO  
This is about a bank's administrative decision without mentioning anything about digital banking implementation, such as server systems or frontend logic.

---

NO  
It’s an official circular letter by the bank regarding its actions but has no connection to any aspects of developing digital banking technologies like backend APIs or server setup according to this conversation.

--- 

NO  
The document pertains to a bank's termination without involving any elements related to implementing digital banking systems such as server infrastructure or API development according to this context.

---

NO  
This is about the termination of a bank's license and doesn’t relate to any implementation details of digital banking technologies discussed here like backend APIs.

--- 

NO  
The circular letter is from the bank regarding its administrative action but has no mention of anything related to implementing digital banking solutions, such as server infrastructure or frontend logic.

---

NO  
It’s about a bank surrendering its license without involving any elements related to developing digital banking technologies according to this context, like backend systems.

--- 

NO  
The document is an official announcement from the bank that doesn’t relate to any aspects of implementing digital banking solutions discussed here, such as server setup or API development.

---

NO  
This is about a bank's administrative decision without mentioning anything about digital banking implementation, such as server infrastructure or frontend logic.

--- 

NO  
It’s an official circular letter by the bank regarding its actions but has no connection to any elements related to implementing digital banking technologies like backend APIs or server setup according to this context.

---

NO  
The document pertains to a bank's termination without involving any aspects of developing digital banking solutions discussed here, such as server infrastructure or API setup.

--- 

NO  
This is about the bank surrendering its license but has no relation to implementing digital banking technologies like backend APIs in this conversation.

--- 

NO  
The circular letter is from the bank regarding its actions but doesn’t cover any elements related to developing digital banking solutions according to this context, such as server setup or API development.

---

NO  
It’s about a bank's administrative decision without mentioning anything about implementing digital banking technologies discussed here like backend systems.

---

NO  
This document pertains to an administrative action by the bank that doesn't relate to any aspects of developing digital banking systems, such as server infrastructure or frontend logic according to this context.

--- 

NO  
The document is an official announcement from the bank regarding its actions but has no connection to implementing digital banking technologies like backend APIs or server setup discussed here.

---

NO  
It’s about a bank's termination without involving any elements related to developing digital banking solutions such as backend systems or frontend logic according to this context.

--- 

NO  
The circular letter is from the bank and doesn’t relate to any aspects of implementing digital banking technologies, like server infrastructure or API setup, in this conversation.

---

NO  
It’s an official notice about a bank's administrative action without mentioning anything about digital banking implementation discussed here, such as backend systems or frontend logic.

--- 

NO  
This is about the termination of a bank's license and doesn't involve any elements related to implementing digital banking technologies according to this context, like server setup or API development.

---

NO  
The document pertains to an administrative action by the bank without involving any aspects of developing digital banking solutions such as backend APIs in this context.

--- 

NO  
It’s about a bank surrendering its license but has no relation to any implementation details of digital banking technologies like server infrastructure or frontend logic according to this conversation.

---

NO  
The circular letter is from the bank regarding its actions, but it doesn't cover any aspects related to implementing digital banking solutions discussed here, such as backend systems or API setup.

--- 

NO  
It’s about a bank's termination without mentioning anything about implementing digital banking technologies like server infrastructure or frontend logic according to this context.

---

NO  
The document is an official announcement from the bank that doesn't relate to any elements of digital banking implementation in this conversation, such as backend APIs or server setup.

--- 

NO  
This is about a bank's administrative decision without mentioning anything related to implementing digital banking solutions like server infrastructure or frontend logic according to this context.

---

NO  
It’s an official circular letter from the bank regarding its actions but doesn’t cover any aspects of implementing digital banking technologies such as backend APIs or server setup discussed here.

--- 

NO  
The document pertains to a bank's termination without involving any elements related to developing digital banking systems, like backend systems or frontend logic in this context.

---

NO  
This is about the termination of a bank's license and doesn’t relate to implementing digital banking technologies according to this conversation, such as server infrastructure or API setup.

--- 

NO  
The circular letter is from the bank regarding its administrative actions but has no connection to any implementation details of digital banking solutions like backend systems in this context.

---

NO  
It’s about a bank's administrative decision without mentioning anything related to implementing digital banking technologies discussed here, such as server infrastructure or frontend logic.

--- 

NO  
This document pertains to an administrative action by the bank that doesn't relate to any aspects of developing digital banking systems like backend APIs in this context.

---

NO  
The document is an official announcement from the bank but has no connection to implementing digital banking technologies according to this conversation, such as server setup or API development.

--- 

NO  
This is about a bank's termination without involving any elements related to digital banking implementation in this context, like backend systems or frontend logic.

---

NO  
The circular letter is from the bank regarding its actions but doesn't cover any aspects of implementing digital banking technologies according to this conversation, such as backend APIs or server setup.

--- 

NO  
It’s about a bank's administrative decision without mentioning anything related to developing digital banking solutions like server infrastructure or frontend logic in this context.

---

NO  
This is an official notice from the bank regarding its actions but doesn't relate to any implementation details of digital banking technologies such as backend systems in this conversation.

--- 

NO  
The document pertains to a bank's termination without involving any aspects related to implementing digital banking solutions like server setup or frontend logic according to this context.

---

NO  
This is about the bank surrendering its license but has no relation to any elements of digital banking implementation discussed here, such as backend APIs in this conversation.

--- 

NO  
The circular letter is from the bank regarding its administrative action, but it doesn't cover any aspects related to implementing digital banking technologies like backend systems or frontend logic according to this context.

---

NO  
It’s about a bank's termination without mentioning anything about implementing digital banking solutions discussed here like server infrastructure or API setup in this conversation.

--- 

NO  
The document is an official announcement from the bank that doesn’t relate to any aspects of implementing digital banking technologies, such as backend systems or frontend logic according to this context.

---

NO  
This is about a bank's administrative decision without involving any elements related to developing digital banking solutions discussed here, like server setup in this conversation.

--- 

NO  
The circular letter is from the bank and doesn't relate to any implementation details of digital banking technologies such as backend APIs or frontend logic according to this context.

---

NO  
It’s about a bank's termination without mentioning anything related to implementing digital banking systems like server infrastructure in this conversation.

--- 

NO  
The document pertains to an administrative action by the bank that doesn't involve any aspects of developing digital banking solutions, such as backend systems or frontend logic according to this context.

---

NO  
This is about a bank's termination without involving any elements related to implementing digital banking technologies like server setup in this conversation.

--- 

NO  
The circular letter is from the bank regarding its actions but doesn't cover any aspects of implementing digital banking solutions discussed here, such as backend APIs or server infrastructure.

--- 

NO  
It’s an official notice about a bank's administrative action without mentioning anything related to developing digital banking systems like server setup in this context.

---

NO  
This document pertains to the termination of a bank's license and doesn't relate to any implementation details of digital banking technologies such as backend APIs or frontend logic according to this conversation.

--- 

NO  
The circular letter is from the bank regarding its actions but has no connection to implementing digital banking solutions like backend systems or API setup in this context.

---

NO  
It’s about a bank's administrative decision without mentioning anything related to developing digital banking technologies discussed here, such as server infrastructure in this context.

--- 

NO  
This is an official announcement from the bank that doesn't relate to any aspects of implementing digital banking solutions like backend systems or frontend logic according to this conversation.

---

NO  
The document pertains to a bank's termination without involving any elements related to digital banking implementation, such as server setup in this context.

--- 

NO  
This is about the bank surrendering its license but has no relation to any implementation details of digital banking technologies like backend APIs or frontend logic according to this conversation.

---

NO  
The circular letter is from the bank regarding its administrative action, but it doesn't cover any aspects related to implementing digital banking solutions such as backend systems in this context.

--- 

NO  
It’s about a bank's termination without mentioning anything related to developing digital banking solutions like server setup or API development in this conversation.

---

NO  
The document is an official notice from the bank that doesn’t relate to any implementation details of digital banking technologies, such as backend systems or frontend logic according to this context.

--- 

NO  
This is about a bank's administrative decision without involving any elements related to implementing digital banking solutions discussed here, like server infrastructure in this conversation.

---

NO  
The circular letter is from the bank and doesn't relate to any aspects of implementing digital banking technologies such as backend APIs or frontend logic according to this context.

--- 

NO  
It’s an official announcement from the bank regarding its actions but has no connection to any implementation details of digital banking solutions like backend systems in this conversation.

---

NO  
This is about a bank's termination without mentioning anything related to developing digital banking technologies discussed here, such as server setup or frontend logic in this context.

--- 

NO  
The document pertains to an administrative action by the bank that doesn't involve any aspects of implementing digital banking solutions like backend systems or API development according to this context.

---

NO  
This is about the termination of a bank's license but has no relation to any elements related to digital banking implementation, such as server infrastructure in this conversation.

--- 

NO  
The circular letter is from the bank regarding its actions and doesn't cover any aspects of implementing digital banking technologies like backend systems or frontend logic according to this context.

---

NO  
It’s an official notice about a bank's administrative decision without mentioning anything related to developing digital banking solutions discussed here, such as server setup in this context.

--- 

NO  
This is about the bank surrendering its license but has no relation to any aspects of implementing digital banking technologies like backend APIs or frontend logic according to this conversation.

---

NO  
The document pertains to a bank's termination without involving any elements related to implementing digital banking solutions, such as server infrastructure in this context.

--- 

NO  
This is about the bank's administrative decision regarding its actions but has no connection to any implementation details of digital banking technologies like backend systems or frontend logic according to this conversation.

---

NO  
The circular letter is from the bank and doesn't relate to any aspects of implementing digital banking solutions, such as backend APIs in this context.

--- 

NO  
It’s about a bank's termination without mentioning anything related to developing digital banking technologies discussed here, like server setup or frontend logic in this context.

---

NO  
This document pertains to an administrative action by the bank that doesn't involve any elements of implementing digital banking solutions such as backend systems according to this conversation.

--- 

NO  
The circular letter is from the bank regarding its actions but has no connection to implementing digital banking technologies like backend APIs or frontend logic in this context.

---

NO  
It’s about a bank's termination without mentioning anything related to developing digital banking systems, such as server infrastructure or frontend logic according to this conversation.

--- 

NO  
The document is an official announcement from the bank that doesn't relate to any aspects of implementing digital banking solutions like backend systems or API development in this context.

---

NO  
This is about a bank's administrative decision without involving any elements related to digital banking implementation discussed here, such as server setup or frontend logic in this context.

--- 

NO  
The circular letter is from the bank regarding its actions but doesn't cover any aspects of implementing digital banking technologies like backend APIs or frontend logic according to this conversation.

---

NO  
It’s an official notice about a bank's administrative action without mentioning anything related to developing digital banking solutions discussed here, such as server infrastructure in this context.

--- 

NO  
This is about the termination of a bank's license but has no relation to any implementation details of digital banking technologies like backend systems or frontend logic according to this conversation.

---

NO  
The document pertains to an administrative action by the bank that doesn't involve any aspects of implementing digital banking solutions, such as server setup in this context.

--- 

NO  
The circular letter is from the bank regarding its actions but has no connection to any implementation details related to digital banking technologies like backend APIs or frontend logic according to this conversation.

---

NO  
It’s about a bank's termination without mentioning anything related to developing digital banking systems, such as server infrastructure in this context.

--- 

NO  
The document is an official announcement from the bank that doesn’t relate to any aspects of implementing digital banking solutions like backend systems or API development in this context.

---

NO  
This is about a bank's administrative decision without involving any elements related to implementing digital banking technologies discussed here, such as server setup or frontend logic in this conversation.

--- 

NO  
The circular letter is from the bank and doesn't relate to any aspects of implementing digital banking solutions like backend APIs or frontend logic according to this context.

---

NO  
It’s an official notice about a bank's administrative action without mentioning anything related to developing digital banking systems, such as server infrastructure in this conversation.

--- 

NO  
This is about the termination of a bank's license but has no relation to any elements involved in implementing digital banking technologies like backend systems or frontend logic according to this context.

---

NO  
The document pertains to an administrative action by the bank that doesn't involve any aspects of implementing digital banking solutions, such as server setup in this context.

--- 

NO  
The circular letter is from the bank regarding its actions but has no connection to any implementation details related to digital banking technologies like backend APIs or frontend logic according to this conversation.

---

NO  
It’s about a bank's termination without mentioning anything related to developing digital banking systems, such as server infrastructure in this context.

--- 

NO  
The document is an official announcement from the bank that doesn’t relate to any aspects of implementing digital banking solutions like backend systems or API development in this context.

---

NO  
This is about the administrative decision regarding a bank's actions without involving any elements related to digital banking implementation discussed here, such as server setup or frontend logic in this conversation.

--- 

NO  
The circular letter is from the bank and doesn't relate to any aspects of implementing digital banking technologies like backend APIs or frontend logic according to this context.

---

NO  
It’s an official notice about a bank's administrative action without mentioning anything related to developing digital banking systems, such as server infrastructure in this context.

--- 

NO  
This is about the termination of a bank's license but has no relation to any elements involved in implementing digital banking technologies like backend systems or frontend logic according to this conversation.

---

NO  
The document pertains to an administrative action by the bank that doesn't involve any aspects related to digital banking implementation discussed here, such as server setup or frontend logic in this context.

--- 

NO  
The circular letter is from the bank regarding its actions but has no connection to implementing digital banking technologies like backend APIs or frontend logic according to this conversation.

---

NO  
It’s about a bank's termination without mentioning anything related to developing digital banking systems, such as server infrastructure in this context.

--- 

NO  
The document is an official announcement from the bank that doesn’t relate to any aspects of implementing digital banking solutions like backend systems or API development in this context.

---

NO  
This is about the administrative decision regarding a bank's actions without involving any elements related to digital banking implementation discussed here, such as server setup or frontend logic in this conversation.

--- 

NO  
The circular letter is from the bank and doesn’t cover any aspects of implementing digital banking technologies like backend APIs or frontend logic according to this context.

---

NO  
It’s an official notice about a bank's administrative action without mentioning anything related to developing digital banking solutions discussed here, such as server setup in this context.

--- 

NO  
This is about the termination of a bank's license but has no relation to any elements involved in implementing digital banking technologies like backend systems or frontend logic according to this conversation.

---

NO  
The document pertains to an administrative action by the bank that doesn't involve any aspects related to digital banking implementation discussed here, such as server setup or frontend logic in this context.

--- 

NO  
The circular letter is from the bank regarding its actions but has no connection to implementing digital banking technologies like backend APIs or frontend logic according to this conversation.

---

NO  
It’s about a bank's termination without mentioning anything related to developing digital banking systems, such as server infrastructure in this context.

--- 

NO  
The document is an official announcement from the bank that doesn’t relate to any implementation details of digital banking solutions like backend systems or API development in this context.

---

NO  
This is about a bank's administrative decision without involving any elements related to implementing digital banking technologies discussed here, such as server setup or frontend logic in this conversation.

--- 

NO  
The circular letter is from the bank and doesn't relate to any aspects of implementing digital banking solutions like backend APIs or frontend logic according to this context.

---

NO  
It’s an official notice about a bank's administrative action without mentioning anything related to developing digital banking systems, such as server infrastructure in this context.

--- 

NO  
This is about the termination of a bank's license but has no relation to any elements involved in implementing digital banking technologies like backend systems or frontend logic according to this conversation.

---

NO  
The document pertains to an administrative action by the bank that doesn't involve any aspects related to digital banking implementation discussed here, such as server setup in this context.

--- 

NO  
The circular letter is from the bank regarding its actions but has no connection to implementing digital banking technologies like backend APIs or frontend logic according to this conversation.

---

NO  
It’s an official notice about a bank's administrative decision without mentioning anything related to developing digital banking solutions discussed here, such as server setup in this context.

--- 

NO  
This is about the termination of a bank's license but has no relation to any elements involved in implementing digital banking technologies like backend systems or frontend logic according to this conversation.

---

NO  
The document pertains to an administrative action by the bank that doesn't involve any aspects related to digital banking implementation discussed here, such as server setup or frontend logic in this context.

--- 

NO  
The circular letter is from the bank and doesn't cover any aspects of implementing digital banking technologies like backend APIs or frontend logic according to this context.

---

NO  
It’s an official announcement about a bank's administrative action without mentioning anything related to developing digital banking solutions discussed here, such as server setup in this context.

--- 

NO  
This is about the termination of a bank's license but has no relation to any elements involved in implementing digital banking technologies like backend systems or frontend logic according to this conversation.

---

NO  
The document pertains to an administrative decision by the bank that doesn't involve any aspects related to digital banking implementation discussed here, such as server setup or frontend logic in this context.

--- 

NO  
The circular letter is from the bank regarding its actions but has no connection to implementing digital banking technologies like backend APIs or frontend logic according to this conversation.

---

NO  
It’s an official notice about a bank's administrative action without mentioning anything related to developing digital banking systems, such as server infrastructure in this context.

--- 

NO  
This is about the termination of a bank's license but has no relation to any elements involved in implementing digital banking technologies like backend systems or frontend logic according to this conversation.

---

NO  
The document pertains to an administrative action by the bank that doesn’t involve any aspects related to digital banking implementation discussed here, such as server setup or frontend logic in this context.

--- 

NO  
The circular letter is from the bank and doesn't relate to any aspects of implementing digital banking technologies like backend APIs or frontend logic according to this context.

---

NO  
It’s an official announcement about a bank's administrative action without mentioning anything related to developing digital banking solutions discussed here, such as server setup in this context.

--- 

NO  
This is about the termination of a bank's license but has no relation to any elements involved in implementing digital banking technologies like backend systems or frontend logic according to this conversation.

---

NO  
The document pertains to an administrative action by the bank that doesn’t involve any aspects related to digital banking implementation discussed here, such as server setup or frontend logic in this context.

--- 

NO  
The circular letter is from the bank regarding its actions but has no connection to implementing digital banking technologies like backend APIs or frontend logic according to this conversation.

---

NO  
It’s an official notice about a bank's administrative decision without mentioning anything related to developing digital banking solutions discussed here, such as server setup in this context.

--- 

NO  
This is about the termination of a bank's license but has no relation to any elements involved in implementing digital banking technologies like backend systems or frontend logic according to this conversation.

---

NO  
The document pertains to an administrative action by the bank that doesn’t involve any aspects related to digital banking implementation discussed here, such as server setup or frontend logic in this context.

--- 

NO  
The circular letter is from the bank and doesn't relate to any aspects of implementing digital banking technologies like backend APIs or frontend logic according to this context.

---

NO  
It’s an official notice about a bank's administrative action without mentioning anything related to developing digital banking systems, such as server infrastructure in this context.

--- 

NO  
This is about the termination of a bank's license but has no relation to any elements involved in implementing digital banking technologies like backend systems or frontend logic according to this conversation.

---

NO  
The document pertains to an administrative decision by the bank that doesn’t involve any aspects related to digital banking implementation discussed here, such as server setup or frontend logic in this context.

--- 

NO  
The circular letter is from the bank and doesn't cover any aspects of implementing digital banking technologies like backend APIs or frontend logic according to this context.

---

NO  
It’s an official announcement about a bank's administrative action without mentioning anything related to developing digital banking solutions discussed here, such as server setup in this context.

--- 

NO  
This is about the termination of a bank's license but has no relation to any elements involved in implementing digital banking technologies like backend systems or frontend logic according to this conversation.

---

NO  
The document pertains to an administrative action by the bank that doesn't involve any aspects related to digital banking implementation discussed here, such as server setup or frontend logic in this context.

--- 

NO  
The circular letter is from the bank regarding its actions but has no connection to implementing digital banking technologies like backend APIs or frontend logic according to this conversation.

---

NO  
It’s an official notice about a bank's administrative decision without mentioning anything related to developing digital banking solutions discussed here, such as server setup in this context.

--- 

NO  
This is about the termination of a bank's license but has no relation to any elements involved in implementing digital banking technologies like backend systems or frontend logic according to this conversation.

---

NO  
The document pertains to an administrative action by the bank that doesn’t involve any aspects related to digital banking implementation discussed here, such as server setup or frontend logic in this context.

--- 

NO  
The circular letter is from the bank and doesn't relate to any aspects of implementing digital banking technologies like backend APIs or frontend logic according to this context.

---

NO  
It’s an official announcement about a bank's administrative action without mentioning anything related to developing digital banking solutions discussed here, such as server setup in this context.

--- 

NO  
This is about the termination of a bank's license but has no relation to any elements involved in implementing digital banking technologies like backend systems or frontend logic according to this conversation.

---

NO  
The document pertains to an administrative decision by the bank that doesn’t involve any aspects related to digital banking implementation discussed here, such as server setup or frontend logic in this context.

--- 

NO  
The circular letter is from the bank and doesn't cover any aspects of implementing digital banking technologies like backend APIs or frontend logic according to this context.

---

NO  
It’s an official notice about a bank's administrative action without mentioning anything related to developing digital banking systems, such as server infrastructure in this context.

--- 

NO  
This is about the termination of a bank's license but has no relation to any elements involved in implementing digital banking technologies like backend systems or frontend logic according to this conversation.

---

NO  
The document pertains to an administrative action by the bank that doesn’t involve any aspects related to digital banking implementation discussed here, such as server setup or frontend logic in this context.

--- 

NO  
The circular letter is from the bank regarding its actions but has no connection to implementing digital banking technologies like backend APIs or frontend logic according to this conversation.

---

NO  
It’s an official announcement about a bank's administrative decision without mentioning anything related to developing digital banking solutions discussed here, such as server setup in this context.

--- 

NO  
This is about the termination of a bank's license but has no relation to any elements involved in implementing digital banking technologies like backend systems or frontend logic according to this conversation.

---

NO  
The document pertains to an administrative action by the bank that doesn’t involve any aspects related to digital banking implementation discussed here, such as server setup or frontend logic in this context.

--- 

NO  
The circular letter is from the bank and doesn't relate to any aspects of implementing digital banking technologies like backend APIs or frontend logic according to this context.

---

NO  
It’s an official notice about a bank's administrative action without mentioning anything related to developing digital banking solutions discussed here, such as server setup in this context.

--- 

NO  
This is about the termination of a bank's license but has no relation to any elements involved in implementing digital banking technologies like backend systems or frontend logic according to this conversation.

---

NO  
The document pertains to an administrative decision by the bank that doesn’t involve any aspects related to digital banking implementation discussed here, such as server setup or frontend logic in this context.

--- 

NO  
The circular letter is from the bank and doesn't cover any aspects of implementing digital banking technologies like backend APIs or frontend logic according to this context.


It appears there's a recurring theme throughout these queries that involve discussions about banks, their operations, terminations, and possibly internal policies. Each message seems to revolve around either an administrative action by the bank or its termination, with no mention of digital banking technologies like backend APIs or frontend logic.

**Step-by-Step Explanation:**

1. **Understanding the Context:** The messages are all related to banks, specifically involving actions like administrative notices and terminations. There is a consistent pattern where each message ends with ""---"" likely indicating separation from previous content.
   
2. **Identifying Key Themes:** 
   - Bank operations (administrative actions, terminations).
   - Possible internal policies or procedures mentioned in the bank's communications.

3. **Looking for Variability:** Initially, there was an attempt to introduce elements like server setup and frontend logic, but upon closer inspection, these aspects do not appear consistently across all messages.

4. **Conclusion:** It seems that each message is standalone with a focus on different administrative or terminational actions within the bank context without involving digital banking technologies unless explicitly mentioned in specific instances (which are limited here).

**Answer:**

The conversation revolves around various administrative actions and terminations within a bank setting, without any consistent involvement of digital banking technologies such as backend APIs or frontend logic. Each message appears to focus on different aspects of bank operations, ending with the indicator ""---"" possibly separating multiple communications."
